{"regression":{"type":"regression","coefficients":[-2.492828152361284,1.2105972592548213,0.17859597314054007,-0.15564029366393717,0.40239728530493224,0.000718429759224648,-4.04754485063714,-2.2271898177637555,-0.9071989677764697,1.4423692913244395],"featureNames":["intercept","hour","dayOfWeek","month","temperature","humidity","isHoliday","isWeekend","hourSquared","tempSquaredAbove25"],"metrics":{"rmse":2.225,"mape":16.74,"r2":0.7042}},"holtWinters":{"type":"holt_winters","alpha":0.5,"beta":0.01,"gamma":0.1,"seasonalPeriod":96,"level":13.05280131926322,"trend":-0.005853017940121458,"seasonal":[0.5609,0.5468,0.5491,0.5328,0.5308,0.521,0.5261,0.5201,0.5137,0.5099,0.5141,0.4996,0.5063,0.5108,0.5081,0.5202,0.5204,0.5321,0.5395,0.5522,0.5649,0.586,0.6273,0.659,0.6801,0.7143,0.7452,0.7739,0.8056,0.8326,0.8637,0.8845,0.9335,0.9602,0.9871,1.0197,1.0472,1.0661,1.0909,1.0996,1.131,1.1488,1.1499,1.1545,1.1788,1.1974,1.1987,1.2019,1.2288,1.2387,1.2394,1.2778,1.2783,1.2666,1.2983,1.2988,1.3351,1.3153,1.2864,1.2904,1.2833,1.2743,1.2407,1.2406,1.2067,1.1835,1.1712,1.1484,1.1372,1.1594,1.171,1.2019,1.2605,1.2778,1.308,1.3557,1.3928,1.4077,1.4033,1.4114,1.432,1.383,1.3662,1.3246,1.2873,1.2097,1.1525,1.0782,1.0088,0.9496,0.8905,0.8193,0.7513,0.7156,0.6588,0.6286],"metrics":{"rmse":9.366,"mape":62.54,"r2":-4.2395}},"movingAverage":{"type":"moving_average","weeklyProfile":[7.09026315789474,6.739815789473685,6.526947368421054,6.501394736842106,6.878078947368418,7.826868421052626,9.447026315789481,11.029526315789466,12.64744736842105,14.070421052631584,14.832999999999995,15.430184210526313,15.877894736842094,16.30660526315789,16.378342105263158,15.77847368421051,14.915526315789474,14.799815789473685,16.08465789473683,17.33581578947367,17.24157894736844,14.936342105263174,11.677973684210533,8.734605263157897,8.832578124999998,8.384687499999986,8.112265625000001,8.030963541666667,8.489531249999997,9.683541666666668,11.62122395833333,13.656588541666677,15.831796875000014,17.549166666666654,18.49963541666666,19.10338541666668,19.752682291666687,20.26598958333335,20.41265624999998,19.676875,18.58325520833332,18.432812499999994,20.099114583333343,21.310078125000015,20.903489583333325,18.265156250000008,14.268020833333333,10.774947916666664,8.910104166666676,8.474427083333321,8.238515624999996,8.204791666666665,8.653515624999999,9.791145833333324,11.761458333333335,13.977239583333342,15.97835937499999,17.710625,18.744661458333315,19.424192708333344,20.05523437500001,20.422734374999987,20.496171874999998,19.78328125,18.575494791666674,18.585234375000002,20.297942708333327,21.853437500000002,21.69101562500001,18.784765625000016,14.779583333333354,11.040546875000013,8.842239583333336,8.385885416666671,8.130390625000002,8.073124999999997,8.47692708333333,9.602916666666674,11.688802083333336,13.778645833333334,15.827473958333337,17.642890625,18.61656249999999,19.20799479166669,19.831927083333323,20.295677083333327,20.328229166666663,19.30700520833334,18.35174479166668,18.415390624999997,19.906536458333328,21.251015625000004,21.241380208333354,18.654505208333337,14.575677083333334,10.986718749999989,8.823151041666662,8.397578125000004,8.098307291666666,8.009270833333334,8.464791666666665,9.714609375000004,11.706249999999995,13.720859374999984,15.843723958333333,17.542994791666665,18.544791666666672,19.041614583333338,19.706536458333336,20.272708333333323,20.34877604166667,19.496562500000007,18.350286458333326,18.24106770833333,19.912291666666672,21.49869791666667,21.36117187500001,18.565677083333338,14.584375000000007,10.887864583333348,8.815286458333334,8.389114583333335,8.094765625000006,8.100651041666666,8.537109375000005,9.731640624999999,11.750000000000002,13.749062500000008,15.873645833333342,17.565130208333343,18.40830729166667,19.02846354166667,19.574036458333357,20.212213541666667,20.433984374999998,19.773098958333325,18.51223958333333,18.304635416666674,19.957838541666668,21.57874999999999,21.436953125000002,18.68747395833333,14.57018229166666,10.911744791666669,8.057921052631578,7.69155263157895,7.415184210526326,7.400315789473684,7.796736842105263,8.860894736842104,10.72184210526315,12.599499999999999,14.436763157894733,15.965578947368426,16.82468421052631,17.363578947368424,18.0406052631579,18.539052631578944,18.719500000000004,17.991631578947363,16.901999999999997,16.84326315789473,18.229052631578938,19.625368421052627,19.603473684210538,17.01378947368422,13.36405263157895,9.974710526315791],"dailyProfile":[8.484358208955218,8.068690298507478,7.804820895522377,7.762488805970155,8.187772388059711,9.318847014925362,11.245828358208952,13.220100746268642,15.210567164179087,16.869339552238817,17.7874925373135,18.377238805970148,18.983011194029828,19.4796902985075,19.59432462686568,18.835365671641775,17.746977611940302,17.66580597014925,19.218626865671652,20.64260074626867,20.503201492537283,17.84953731343284,13.978604477611988,10.47635820895523],"tempCoefficient":0.835,"metrics":{"rmse":2.615,"mape":18.91,"r2":0.5915}},"ensemble":{"type":"ensemble","weights":{"movingAverage":0.411,"regression":0.464,"holtWinters":0.124},"metrics":{"rmse":1.452,"mape":10,"r2":0.8741}},"trainedAt":"2026-03-02T06:14:43.537Z"}